<?xml version="1.0" encoding="UTF-8" ?>
<module>
    <name>ps_imageslidermobile</name>
    <displayName><![CDATA[Carrousel mobile]]></displayName>
    <version><![CDATA[3.0.0]]></version>
    <description><![CDATA[Ajoute un carrousel d&#039;images &agrave; votre boutique.]]></description>
    <author><![CDATA[PrestaShop]]></author>
    <tab><![CDATA[front_office_features]]></tab>
    <is_configurable>1</is_configurable>
    <need_instance>0</need_instance>
	<limited_countries></limited_countries>
</module>